﻿pos_x,pos_y,rotation,side,designator,mpn,pack,footprint,value,mount_type
56.25,6.4,180.0,top,BT1,S8401-46,,S8401-46,S8401-46,tht
25.5,11.75,-90.0,top,C1,,,C_0603_1608Metric,100nF,smt
80.55,15.5,180.0,top,C10,MAL215097011E3,,CP_Elec_8x10.5,100uF,smt
74.725,60.25,0.0,top,C11,,,C_0603_1608Metric,100nF,smt
86.975,46.675,0.0,top,C12,,,C_0603_1608Metric,470pF,smt
86.475,54.0,0.0,top,C13,,,C_0603_1608Metric,220pF,smt
76.225,67.0,0.0,top,C14,,,C_0603_1608Metric,100pF,smt
86.975,44.675,0.0,top,C15,,,C_0603_1608Metric,1nF,smt
86.475,51.75,0.0,top,C16,,,C_0603_1608Metric,470pF,smt
76.225,69.15,0.0,top,C17,,,C_0603_1608Metric,220pF,smt
86.975,42.675,180.0,top,C18,,,C_0603_1608Metric,470pF,smt
84.475,49.75,180.0,top,C19,,,C_0603_1608Metric,220pF,smt
10.59,13.25,-90.0,top,C2,,,C_0603_1608Metric,0.1uF,smt
76.1675,71.15,0.0,top,C20,,,C_0603_1608Metric,100pF,smt
96.5,56.5,90.0,top,C21,,,C_0603_1608Metric,100nF,smt
11.5,67.5,-90.0,top,C22,,,C_0603_1608Metric,0.1uF,smt
10.5,55.725,90.0,top,C23,,,C_0603_1608Metric,10uF,smt
4.975,59.75,0.0,top,C24,,,C_0603_1608Metric,0.1uF,smt
4.975,61.25,0.0,top,C25,,,C_0603_1608Metric,10uF,smt
7.0,55.725,90.0,top,C26,,,C_0603_1608Metric,0.1uF,smt
8.5,55.725,90.0,top,C27,,,C_0603_1608Metric,10uF,smt
13.5,55.725,90.0,top,C28,,,C_0603_1608Metric,0.1uF,smt
12.0,55.725,90.0,top,C29,,,C_0603_1608Metric,10uF,smt
9.08,13.25,-90.0,top,C3,,,C_0603_1608Metric,22uF,smt
30.73,62.475,-90.0,top,C30,,,C_0805_2012Metric,10uF,smt
17.725,72.25,180.0,top,C31,,,C_0603_1608Metric,1uF,smt
32.5,62.225,-90.0,top,C32,,,C_0603_1608Metric,0.1uF,smt
11.475,71.0,0.0,top,C33,,,C_0603_1608Metric,1uF,smt
57.25,61.275,-90.0,top,C34,,,C_0603_1608Metric,10uF X7R,smt
57.25,41.5,90.0,top,C35,,,C_0603_1608Metric,10uF X7R,smt
14.5,67.525,-90.0,top,C36,,,C_0603_1608Metric,0.1uF,smt
12.99,67.525,-90.0,top,C37,,,C_0603_1608Metric,10uF,smt
58.75,61.275,-90.0,top,C38,,,C_0603_1608Metric,0.1uF X7R,smt
58.75,41.5,90.0,top,C39,,,C_0603_1608Metric,0.1uF X7R,smt
71.6,22.925,180.0,top,C4,,,C_0805_2012Metric,10uF,smt
60.25,61.275,-90.0,top,C40,,,C_0603_1608Metric,100pF NP0 50V,smt
60.25,41.5,90.0,top,C41,,,C_0603_1608Metric,100pF NP0 50V,smt
81.5675,7.495,0.0,top,C5,,,C_0805_2012Metric,10uF,smt
81.5675,4.485,0.0,top,C6,,,C_0805_2012Metric,10uF,smt
87.075,22.925,0.0,top,C7,,,C_0603_1608Metric,100pF NP0,smt
90.0,18.475,90.0,top,C8,,,C_0603_1608Metric,100nF,smt
88.25,18.255,90.0,top,C9,,,C_0805_2012Metric,10uF,smt
50.25,46.5,0.0,top,D1,,,D_SMA,SS14,smt
50.25,36.0,0.0,top,D2,,,D_SMA,SS14,smt
50.25,57.0,0.0,top,D3,,,D_SMA,SS14,smt
50.25,67.75,0.0,top,D4,,,D_SMA,SS14,smt
17.0,2.0,0.0,top,FID1,,,Fiducial_1mm_Mask2mm,Fiducial,smt
90.25,73.25,0.0,top,FID2,,,Fiducial_1mm_Mask2mm,Fiducial,smt
90.0,2.25,0.0,top,FID3,,,Fiducial_1mm_Mask2mm,Fiducial,smt
95.45,25.45,-90.0,top,J1,,,SMA_BAT_Wireless_BWSMA-KWE-Z001,GNSS Ant,tht
95.25,62.5,-90.0,top,J2,,,SMA_BAT_Wireless_BWSMA-KWE-Z001,Tx Ant,tht
98.25,13.57,-90.0,top,J3,TYPE-C-31-M-12,,HRO-TYPE-C-31-M-12,USB_C_16P_Stacked,smt
88.875,25.45,-90.0,top,L1,,,L_0603_1608Metric,47nH,smt
84.0,45.425,-90.0,top,L2,1008LS-222,,L_1008_2520Metric,1.2uH,smt
84.0,53.0,-90.0,top,L3,0805CS-391,,L_0805_2012Metric,560nH,smt
74.0,65.25,180.0,top,L4,0805CS-271,,L_0805_2012Metric,270nH,smt
91.25,40.5,180.0,top,L5,1008LS-222,,L_1008_2520Metric,1.2uH,smt
87.9375,49.75,180.0,top,L6,0805CS-391,,L_0805_2012Metric,560nH,smt
73.1425,70.5875,90.0,top,L7,0805CS-271,,L_0805_2012Metric,270nH,smt
21.75,10.75,90.0,top,Q1,,,SOT-23,MMBF170,smt
44.1875,53.45,0.0,top,Q10,,,SOT-23,MMBF170,smt
44.29,71.3,0.0,top,Q11,,,SOT-23,MMBF170,smt
44.29,67.75,0.0,top,Q12,,,SOT-23,MMBF170,smt
44.29,64.25,0.0,top,Q13,,,SOT-23,MMBF170,smt
44.1875,50.05,0.0,top,Q2,,,SOT-23,MMBF170,smt
44.1875,46.6,0.0,top,Q3,,,SOT-23,MMBF170,smt
44.1875,43.15,0.0,top,Q4,,,SOT-23,MMBF170,smt
44.1875,39.45,0.0,top,Q5,,,SOT-23,MMBF170,smt
44.1875,36.0,0.0,top,Q6,,,SOT-23,MMBF170,smt
44.1875,32.6,0.0,top,Q7,,,SOT-23,MMBF170,smt
44.1875,60.45,0.0,top,Q8,,,SOT-23,MMBF170,smt
44.1875,56.95,0.0,top,Q9,,,SOT-23,MMBF170,smt
27.75,14.575,-90.0,top,R1,,,R_0603_1608Metric,100k,smt
40.75,44.0,0.0,top,R10,,,R_0603_1608Metric,10,smt
40.75,40.25,0.0,top,R11,,,R_0603_1608Metric,10,smt
40.75,37.0,0.0,top,R12,,,R_0603_1608Metric,10,smt
40.75,33.5,0.0,top,R13,,,R_0603_1608Metric,10,smt
40.7,61.2,0.0,top,R14,,,R_0603_1608Metric,10,smt
40.7,57.95,0.0,top,R15,,,R_0603_1608Metric,10,smt
40.7,54.45,0.0,top,R16,,,R_0603_1608Metric,10,smt
40.75,72.25,0.0,top,R17,,,R_0603_1608Metric,10,smt
40.75,68.75,0.0,top,R18,,,R_0603_1608Metric,10,smt
40.75,65.25,0.0,top,R19,,,R_0603_1608Metric,10,smt
27.75,11.38,-90.0,top,R2,,,R_0603_1608Metric,100k,smt
17.675,56.0,180.0,top,R20,,,R_0603_1608Metric,10k,smt
21.25,64.5,0.0,top,R21,,,R_0603_1608Metric,10k,smt
16.175,52.75,180.0,top,R22,,,R_0603_1608Metric,10k,smt
16.175,49.5,180.0,top,R23,,,R_0603_1608Metric,10k,smt
71.65,27.45,0.0,top,R3,,,R_0603_1608Metric,10k,smt
90.2175,14.32,180.0,top,R4,,,R_0603_1608Metric,5.1k,smt
90.2175,12.57,180.0,top,R5,,,R_0603_1608Metric,5.1k,smt
29.925,20.5,0.0,top,R6,,,R_0603_1608Metric,10k,smt
5.5,55.725,-90.0,top,R7,,,R_0603_1608Metric,10,smt
40.75,51.0,0.0,top,R8,,,R_0603_1608Metric,10,smt
40.75,47.5,0.0,top,R9,,,R_0603_1608Metric,10,smt
78.1,60.25,180.0,top,S1,AS183-92LF,,SOT65P220X110-6N,AS183-92LF,smt
79.65,48.1,180.0,top,S2,AS183-92LF,,SOT65P220X110-6N,AS183-92LF,smt
83.15,57.15,0.0,top,S3,AS183-92LF,,SOT65P220X110-6N,AS183-92LF,smt
93.15,55.6,0.0,top,S4,AS183-92LF,,SOT65P220X110-6N,AS183-92LF,smt
65.0,51.5,90.0,top,T1,,,bn-43-202-horizontal,BN-43-202_DualPri_CTSec,tht
12.84,24.85,90.0,top,U1,,,ESP32-S3-WROOM-1,ESP32-S3-WROOM-1,smt
75.35,5.0,180.0,top,U2,,,SOT-223-3_TabPin2,NCP1117-3.3_SOT223,smt
79.6,26.275,0.0,top,U3,ATGM336H-5N31,,ublox_MAX,ATGM336H-5N31,smt
10.9,61.7,-90.0,top,U4,,,QFN-48-1EP_7x7mm_P0.5mm_EP5.6x5.6mm,ICE40UP5K-SG48ITR,smt
14.55,71.65,180.0,top,U5,,,SOT-353_SC-70-5,TLV70012,smt
26.5,54.0,0.0,top,U6,CD74ACT541M96G4,,SOIC127P1030X265-20N,CD74ACT541M96G4,smt
