﻿Designator,Quantity,Value,Footprint,Package,MPN,DNP,Mount_Type,Description,Mouser Part Number,Mouser Price/Stock,Manufacturer_Name,LCSC,MFG,Height
BT1,1,S8401-46,S8401-46,,S8401-46,,tht,"Coin Cell Battery Retainer, Vertical Throughboard, for CR2032 and BR2032 Coin Cell Batteries",855-S8401-46,https://www.mouser.co.uk/ProductDetail/Harwin/S8401-46?qs=Qom7kyPojXaFNoCO9lxVnA%3D%3D,Harwin,,,
"C1, C11, C21, C8",4,100nF,C_0603_1608Metric,,,,smt,Unpolarized capacitor,,,,,,
C10,1,100uF,CP_Elec_8x10.5,,MAL215097011E3,,smt,"Polarized capacitor, small US symbol",,,,C1849748,Vishay,
"C12, C16, C18",3,470pF,C_0603_1608Metric,,,,smt,Unpolarized capacitor,,,,,,
"C13, C17, C19",3,220pF,C_0603_1608Metric,,,,smt,Unpolarized capacitor,,,,,,
"C14, C20",2,100pF,C_0603_1608Metric,,,,smt,Unpolarized capacitor,,,,,,
C15,1,1nF,C_0603_1608Metric,,,,smt,Unpolarized capacitor,,,,,,
"C2, C22, C24, C26, C28, C32, C36",7,0.1uF,C_0603_1608Metric,,,,smt,Unpolarized capacitor,,,,,,
"C23, C25, C27, C29, C37",5,10uF,C_0603_1608Metric,,,,smt,Unpolarized capacitor,,,,,,
C3,1,22uF,C_0603_1608Metric,,,,smt,Unpolarized capacitor,,,,,,
"C30, C4, C5, C6, C9",5,10uF,C_0805_2012Metric,,,,smt,Unpolarized capacitor,,,,,,
"C31, C33",2,1uF,C_0603_1608Metric,,,,smt,Unpolarized capacitor,,,,,,
"C34, C35",2,10uF X7R,C_0603_1608Metric,,,,smt,Unpolarized capacitor,,,,,,
"C38, C39",2,0.1uF X7R,C_0603_1608Metric,,,,smt,Unpolarized capacitor,,,,,,
"C40, C41",2,100pF NP0 50V,C_0603_1608Metric,,,,smt,Unpolarized capacitor,,,,,,
C7,1,100pF NP0,C_0603_1608Metric,,,,smt,Unpolarized capacitor,,,,,,
"D1, D2, D3, D4",4,SS14,D_SMA,,,,smt,"40V 1A Schottky Diode, SMA",,,,,,
J1,1,GNSS Ant,SMA_BAT_Wireless_BWSMA-KWE-Z001,,,,tht,1 Inner Bore SMA Board Side Elbow 50Ω 5.3mm Through Hole Coaxial Connector (RF) Assemblies RoHS,,,,C496551,,
J2,1,Tx Ant,SMA_BAT_Wireless_BWSMA-KWE-Z001,,,,tht,1 Inner Bore SMA Board Side Elbow 50Ω 5.3mm Through Hole Coaxial Connector (RF) Assemblies RoHS,,,,C496551,,
J3,1,USB_C_16P_Stacked,HRO-TYPE-C-31-M-12,,TYPE-C-31-M-12,,smt,USB 2.0-only 16P Type-C Receptacle connector,,,,,Korean Hroparts,
L1,1,47nH,L_0603_1608Metric,,,,smt,"Inductor with ferrite core, small symbol",,,,,,
"L2, L5",2,1.2uH,L_1008_2520Metric,,1008LS-222,,smt,"Inductor, small symbol",,,,,Coilcraft,
"L3, L6",2,560nH,L_0805_2012Metric,,0805CS-391,,smt,"Inductor, small symbol",,,,,Coilcraft,
"L4, L7",2,270nH,L_0805_2012Metric,,0805CS-271,,smt,"Inductor, small symbol",,,,,Coilcraft,
"Q1, Q10, Q11, Q12, Q13, Q2, Q3, Q4, Q5, Q6, Q7, Q8, Q9",13,MMBF170,SOT-23,,,,smt,"0.15A Id, 60V Vds, N-Channel MOSFET, SOT-23",,,,,,
"R1, R2",2,100k,R_0603_1608Metric,,,,smt,"Resistor, US symbol",,,,,,
"R10, R11, R12, R13, R14, R15, R16, R17, R18, R19, R7, R8, R9",13,10,R_0603_1608Metric,,,,smt,"Resistor, US symbol",,,,,,
"R20, R21, R22, R23, R3, R6",6,10k,R_0603_1608Metric,,,,smt,"Resistor, US symbol",,,,,,
"R4, R5",2,5.1k,R_0603_1608Metric,,,,smt,"Resistor, US symbol",,,,,,
"S1, S2, S3, S4",4,AS183-92LF,SOT65P220X110-6N,,AS183-92LF,,smt,RF Switch ICs .3-2500MHz IL .3dB IP3 +43dBm,873-AS183-92LF,https://www.mouser.co.uk/ProductDetail/Skyworks-Solutions-Inc/AS183-92LF?qs=WMHGlxXAKT9uKJ5iI33IgQ%3D%3D,Skyworks,,,1.1
U1,1,ESP32-S3-WROOM-1,ESP32-S3-WROOM-1,,,,smt,"RF Module, ESP32-S3 SoC, Wi-Fi 802.11b/g/n, Bluetooth, BLE, 32-bit, 3.3V, onboard antenna, SMD",,,,,,
U2,1,NCP1117-3.3_SOT223,SOT-223-3_TabPin2,,,,smt,"1A Low drop-out regulator, Fixed Output 3.3V, SOT-223",,,,,,
U3,1,ATGM336H-5N31,ublox_MAX,,ATGM336H-5N31,,smt,GNSS Module,,,,,,
U4,1,ICE40UP5K-SG48ITR,QFN-48-1EP_7x7mm_P0.5mm_EP5.6x5.6mm,,,,smt,"iCE40 UltraPlus FPGA, 5280 LUTs, 1.2V, 48-pin QFN",,,,,,
U5,1,TLV70012,SOT-353_SC-70-5,,,,smt,"200mA Low Dropout Voltage Regulator, Fixed Output 1.2V, SOT-23-5/SC-70-5/SOT-353",,,,,,
U6,1,CD74ACT541M96G4,SOIC127P1030X265-20N,,CD74ACT541M96G4,,smt,Buffer/Line Driver 8-CH Non-Inverting 3-ST CMOS 20-Pin SOIC T/R,595-CD74ACT541M96G4,https://www.mouser.co.uk/ProductDetail/Texas-Instruments/CD74ACT541M96G4?qs=QZ5G6pSGt5ou3puft%252BB9Xw%3D%3D,Texas Instruments,,,2.65
